UserId,TenantId
a1675e73-2af5-43e5-bbf0-6782ea279594,c4c1c44d-7b5c-414a-b8df-a5537357ee30
13a6111c-8b17-4340-beef-ffe7a6f9cac9,c4c1c44d-7b5c-414a-b8df-a5537357ee30
6ba1c841-834f-4aeb-a285-a500b15638c9,c4c1c44d-7b5c-414a-b8df-a5537357ee30
def02027-9cb8-4297-98a1-a470f707442d,c4c1c44d-7b5c-414a-b8df-a5537357ee30
2fb092e6-3ad1-4bdb-b3b6-c419addd5ae3,c4c1c44d-7b5c-414a-b8df-a5537357ee30
b0f61285-c1c3-4cc2-a4a8-b826f5c1d7e8,c4c1c44d-7b5c-414a-b8df-a5537357ee30
922f27a7-c887-4322-81a1-9f55a16918f3,c4c1c44d-7b5c-414a-b8df-a5537357ee30
eee4f867-dcd3-45cf-a4e5-2a375611d6e8,c4c1c44d-7b5c-414a-b8df-a5537357ee30
c8c4acec-75f1-486e-b358-38f20a49cdc4,c4c1c44d-7b5c-414a-b8df-a5537357ee30
ccbdda3f-c480-4e40-8435-2a9f11bea50f,c4c1c44d-7b5c-414a-b8df-a5537357ee30
a59818cc-985c-47c1-87ae-9445a4a2ae4b,c4c1c44d-7b5c-414a-b8df-a5537357ee30
339d4f83-1785-438e-9505-2b80f6bed686,c4c1c44d-7b5c-414a-b8df-a5537357ee30
fcaaa3d1-1f87-4cfa-9b1e-7a8e5e0b3d11,c4c1c44d-7b5c-414a-b8df-a5537357ee30
7e5cf5a8-71fc-4d92-9a31-2bca84c66ad0,c4c1c44d-7b5c-414a-b8df-a5537357ee30
