ScheduledClassId,TeacherId,TeacherName,TenantId
a44397bc-0fdd-4c57-a666-f76154b3434c,13a6111c-8b17-4340-beef-ffe7a6f9cac9,Teacher Example,c4c1c44d-7b5c-414a-b8df-a5537357ee30
7b0c2566-3d22-4c54-897f-1a669a6bad11,13a6111c-8b17-4340-beef-ffe7a6f9cac9,Teacher Example,c4c1c44d-7b5c-414a-b8df-a5537357ee30
b2f0778c-7e31-4c83-8587-3f45173910d7,13a6111c-8b17-4340-beef-ffe7a6f9cac9,Teacher Example,c4c1c44d-7b5c-414a-b8df-a5537357ee30
324dd7b5-e5d3-4c87-acc0-723c3832acdd,7e5cf5a8-71fc-4d92-9a31-2bca84c66ad0,Marina Mayorga,c4c1c44d-7b5c-414a-b8df-a5537357ee30
4f2a2c33-65cf-4fcf-afb1-8e14e8b3c0b8,13a6111c-8b17-4340-beef-ffe7a6f9cac9,Teacher Example,c4c1c44d-7b5c-414a-b8df-a5537357ee30
cbf3b72a-16c9-4856-97ec-029d10d509e8,13a6111c-8b17-4340-beef-ffe7a6f9cac9,Teacher Example,c4c1c44d-7b5c-414a-b8df-a5537357ee30
c5fcfe98-1113-4d80-a396-c49b21df4c2e,13a6111c-8b17-4340-beef-ffe7a6f9cac9,Teacher Example,c4c1c44d-7b5c-414a-b8df-a5537357ee30
56e05b0d-5b8a-40da-9397-245cb0c0cb9c,13a6111c-8b17-4340-beef-ffe7a6f9cac9,Teacher Example,c4c1c44d-7b5c-414a-b8df-a5537357ee30
9abead96-0939-4c86-818f-61a2143e6661,13a6111c-8b17-4340-beef-ffe7a6f9cac9,Teacher Example,c4c1c44d-7b5c-414a-b8df-a5537357ee30
3df9e8c1-f191-4dee-9178-d0ffc226f648,13a6111c-8b17-4340-beef-ffe7a6f9cac9,Teacher Example,c4c1c44d-7b5c-414a-b8df-a5537357ee30
a1111111-1111-4111-8111-111111111111,13a6111c-8b17-4340-beef-ffe7a6f9cac9,Teacher Example,c4c1c44d-7b5c-414a-b8df-a5537357ee30
a2222222-2222-4222-8222-222222222222,13a6111c-8b17-4340-beef-ffe7a6f9cac9,Teacher Example,c4c1c44d-7b5c-414a-b8df-a5537357ee30
a3333333-3333-4333-8333-333333333333,13a6111c-8b17-4340-beef-ffe7a6f9cac9,Teacher Example,c4c1c44d-7b5c-414a-b8df-a5537357ee30
a4444444-4444-4444-8444-444444444444,13a6111c-8b17-4340-beef-ffe7a6f9cac9,Teacher Example,c4c1c44d-7b5c-414a-b8df-a5537357ee30
