UniqueClassId,TeacherId,TeacherName,TenantId
bec401bb-6be2-4d6b-b207-c6ad946a6b51,13a6111c-8b17-4340-beef-ffe7a6f9cac9,Teacher Example,c4c1c44d-7b5c-414a-b8df-a5537357ee30
4024c261-fe21-460b-8fc9-4bd86c217107,13a6111c-8b17-4340-beef-ffe7a6f9cac9,Teacher Example,c4c1c44d-7b5c-414a-b8df-a5537357ee30
af870bc3-6b18-4505-8a3e-070689612ab3,13a6111c-8b17-4340-beef-ffe7a6f9cac9,Teacher Example,c4c1c44d-7b5c-414a-b8df-a5537357ee30
19db9bf8-adb6-447c-98d2-4aea92415295,13a6111c-8b17-4340-beef-ffe7a6f9cac9,Teacher Example,c4c1c44d-7b5c-414a-b8df-a5537357ee30
f1a35e7c-5838-4c80-9e76-ca2dfc696339,13a6111c-8b17-4340-beef-ffe7a6f9cac9,Teacher Example,c4c1c44d-7b5c-414a-b8df-a5537357ee30
d3c0ffa8-4263-4aac-bc34-93a4a2ae0f0e,13a6111c-8b17-4340-beef-ffe7a6f9cac9,Teacher Example,c4c1c44d-7b5c-414a-b8df-a5537357ee30
544732b9-248e-4848-a9e2-d5e43de0d69a,7e5cf5a8-71fc-4d92-9a31-2bca84c66ad0,Marina Mayorga,c4c1c44d-7b5c-414a-b8df-a5537357ee30
856edc73-cbe9-429b-88a6-86a52b04e8b2,13a6111c-8b17-4340-beef-ffe7a6f9cac9,Teacher Example,c4c1c44d-7b5c-414a-b8df-a5537357ee30
5f8b4488-b2b0-4dd6-aa1c-cde5a8c3416a,13a6111c-8b17-4340-beef-ffe7a6f9cac9,Teacher Example,c4c1c44d-7b5c-414a-b8df-a5537357ee30
6d4342b5-25ba-4f15-ada9-a616595c8263,13a6111c-8b17-4340-beef-ffe7a6f9cac9,Teacher Example,c4c1c44d-7b5c-414a-b8df-a5537357ee30
b1111111-1111-4111-8111-111111111111,13a6111c-8b17-4340-beef-ffe7a6f9cac9,Teacher Example,c4c1c44d-7b5c-414a-b8df-a5537357ee30
b2222222-2222-4222-8222-222222222222,13a6111c-8b17-4340-beef-ffe7a6f9cac9,Teacher Example,c4c1c44d-7b5c-414a-b8df-a5537357ee30
b3333333-3333-4333-8333-333333333333,13a6111c-8b17-4340-beef-ffe7a6f9cac9,Teacher Example,c4c1c44d-7b5c-414a-b8df-a5537357ee30
b4444444-4444-4444-8444-444444444444,13a6111c-8b17-4340-beef-ffe7a6f9cac9,Teacher Example,c4c1c44d-7b5c-414a-b8df-a5537357ee30
